username,paid_at
kim23pk,2026-01-11
pslee71,2026-01-11
ssiibb77,2026-01-11
ysb4128,2026-01-11
wjswn1007,2026-01-16
Km0214,2026-01-19
ynerviris,2026-01-20
jhwnsgml,2026-01-22
k1k1kk,2026-01-22
ntyoon141000,2026-01-22
misinki1023,2026-01-24
kiki0987,2026-01-26
mine8779,2026-01-26
padikkh,2026-01-26
E0704mp,2026-01-28
hanna,2026-01-28
limsung0147,2026-01-28
run111tig,2026-01-28
uing231,2026-01-28
jin1030,2026-01-29
mido,2026-01-29
terry43,2026-01-29
tristan,2026-01-29
1322332,2026-01-30
ada10kr,2026-01-30
choidw67_,2026-01-30
hobins,2026-01-30
jae0662,2026-01-30
noid27,2026-01-30
valhalia,2026-01-30
wtwt852,2026-01-30
cwnj486,2026-01-31
yksam33,2026-01-31
